{"cameraMode":{"drawMode":0,"name":"Shaded","section":"Shading Mode"},"sceneLighting":false,"audioPlay":false,"sceneViewState":{"showFog":true,"showMaterialUpdate":false,"showSkybox":false,"showFlares":true,"showImageEffects":true,"showParticleSystems":true},"in2DMode":false,"pivot":{"x":57.205360412597659,"y":17.762985229492189,"z":-7.20928430557251},"rotation":{"x":-0.010622349567711354,"y":-0.9743919372558594,"z":0.04710870981216431,"w":-0.21964047849178315},"size":63.27015686035156,"orthographic":false}