{"cameraMode":{"drawMode":0,"name":"Shaded","section":"Shading Mode"},"sceneLighting":false,"audioPlay":false,"sceneViewState":{"showFog":true,"showMaterialUpdate":false,"showSkybox":false,"showFlares":true,"showImageEffects":true,"showParticleSystems":true},"in2DMode":false,"pivot":{"x":72.42153930664063,"y":26.310260772705079,"z":33.192134857177737},"rotation":{"x":-0.07368898391723633,"y":-0.41919854283332827,"z":0.03415863588452339,"w":-0.9042624831199646},"size":11.305771827697754,"orthographic":false}