{"cameraMode":{"drawMode":0,"name":"Shaded","section":"Shading Mode"},"sceneLighting":false,"audioPlay":false,"sceneViewState":{"showFog":true,"showMaterialUpdate":false,"showSkybox":false,"showFlares":true,"showImageEffects":true,"showParticleSystems":true},"in2DMode":false,"pivot":{"x":-39.109344482421878,"y":14.808649063110352,"z":89.89022064208985},"rotation":{"x":0.07169570028781891,"y":-0.5459039807319641,"z":0.04695796221494675,"w":0.833455502986908},"size":83.71345520019531,"orthographic":false}